id;title;content;remarks;created_time
1;bus Principal;content generating;New Hampshire mobile Fall;2020-05-08T08:14:28
2;Refined Steel Table;compressing Future;structure;2020-05-09T02:00:09
3;Beauty Orchestrator;Mobility;connect;2020-05-08T09:50:45
4;Clothing SMS Bulgaria;moderator transparent;B2B program Uzbekistan;2020-05-08T13:06:23
5;Strategist;Zimbabwe Dollar;Incredible Books Handmade Plastic Pizza;2020-05-08T16:57:29
6;Rustic Steel Cheese Accounts quantifying;program calculating Checking Account;target;2020-05-08T14:47:32
7;fresh-thinking;utilize Incredible Plastic Towels Generic;West Virginia Taka Industrial;2020-05-09T05:43:30
8;SQL Taka;Cambridgeshire;Reactive Cape Steel;2020-05-08T15:06:19
9;Dalasi white;foreground virtual Marketing;transitional Garden;2020-05-08T18:08:59
10;overriding Nicaragua;Supervisor;grey systems;2020-05-08T13:55:02
