id;unit_change;position_change;create_time
1;Representative whiteboard Health;Auto Loan Account;2020-05-08T11:17:39
2;Rhode Island Music Data;Dynamic Savings Account Branding;2020-05-08T12:18:13
3;Guarani Colorado;deposit Orchestrator;2020-05-09T06:59:26
4;Facilitator;Facilitator transmit;2020-05-09T05:58:34
5;optimal Refined;unleash system engine;2020-05-08T16:07:32
6;solid state program;help-desk SAS embrace;2020-05-09T01:01:22
7;deposit firmware;seamless mesh;2020-05-08T15:27:24
8;deliver Pine;Haiti;2020-05-08T21:28:54
9;Movies;Savings Account Pakistan Rupee;2020-05-08T17:16:48
10;Mill deliver XSS;indexing Lead;2020-05-08T12:37:03
