id;file_name;file_size;uploaded_by;department;operating;created_time;modify_time
1;web-enabled methodical;parse Bedfordshire;optimize Future;vertical;Checking Account Corporate;2020-05-09T02:24:55;2020-05-09T01:30:15
2;Architect info-mediaries;Savings Account Plain;holistic plum;Albania TCP;gold;2020-05-09T07:15:59;2020-05-08T11:53:37
3;encompassing;redundant Hawaii;empower Unbranded Plastic Shirt;Gorgeous Auto Loan Account Granite;XML Utah;2020-05-09T07:26:08;2020-05-08T20:18:10
4;Australian Dollar Architect Frozen;Shirt;mindshare metrics;Swedish Krona Phased Guyana Dollar;calculating;2020-05-08T09:13:35;2020-05-08T09:15:04
5;driver THX Movies;Stand-alone Small Rubber Pizza Fiji Dollar;withdrawal;Prairie revolutionary Rubber;Saint Kitts and Nevis Senior;2020-05-08T22:26:46;2020-05-09T06:13:24
6;out-of-the-box;bandwidth payment withdrawal;Home Loan Account Beauty deposit;Rubber Pizza Fish;Soft Global;2020-05-09T06:33:11;2020-05-08T12:15:05
7;Liaison backing up;relationships heuristic Avon;integrate Direct;Hawaii web-enabled transmitter;Refined Cotton Chicken navigating;2020-05-08T22:27:15;2020-05-08T15:59:48
8;interactive;PNG;Flat cross-platform;Terrace Virginia index;success;2020-05-08T18:10:30;2020-05-09T07:51:08
9;seamless Clothing;Kyat syndicate;Table;Steel Legacy;Marketing value-added;2020-05-08T19:44:03;2020-05-08T16:38:53
10;deposit 24/365;redundant;artificial intelligence Uzbekistan Sum;Guinea overriding;Designer Course;2020-05-08T15:37:45;2020-05-09T04:07:52
